{"name":"デモンストレーション","room_id":"000_practice","map_size_x":15,"map_size_y":17,"cool":{"status":false,"turn":false,"x":1,"y":8},"hot":{"status":false,"turn":false,"x":13,"y":8},"map_data":[[0,0,0,0,0,0,0,0,0,0,0,0,0,0,0],[0,1,2,0,0,0,2,0,1,0,0,0,0,2,0],[0,0,0,0,0,0,0,0,0,0,0,0,0,0,0],[0,0,0,0,0,0,0,0,2,0,0,2,0,1,0],[0,0,0,0,2,1,0,0,0,0,0,0,0,0,0],[0,0,0,0,0,0,0,0,0,0,0,0,2,0,0],[0,2,0,0,0,0,2,0,2,0,2,0,0,0,0],[0,0,0,2,0,2,0,0,0,2,0,1,0,0,0],[0,3,0,0,0,0,0,2,0,0,0,0,0,4,0],[0,0,0,1,0,2,0,0,0,2,0,2,0,0,0],[0,0,0,0,2,0,2,0,2,0,0,0,0,2,0],[0,0,2,0,0,0,0,0,0,0,0,0,0,0,0],[0,0,0,0,0,0,0,0,0,1,2,0,0,0,0],[0,1,0,2,0,0,2,0,0,0,0,0,0,0,0],[0,0,0,0,0,0,0,0,0,0,0,0,0,0,0],[0,2,0,0,0,0,1,0,2,0,0,0,2,1,0],[0,0,0,0,0,0,0,0,0,0,0,0,0,0,0]],"turn":100,"cpu":{"turn":"hot","level":1}}