{"name":"例題① アイテムを取ってみよう","room_id":"01_practice","map_size_x":15,"map_size_y":17,"cool":{"status":false,"turn":false,"x":2,"y":12},"hot":{"status":false,"turn":false,"x":12,"y":4},"map_data":[[0,0,0,2,0,0,0,2,0,0,0,2,0,0,0],[0,2,0,0,0,2,0,0,0,0,0,0,0,2,0],[0,0,0,0,0,0,0,0,0,2,0,0,0,0,0],[2,0,0,0,0,0,2,0,0,0,0,0,0,0,2],[0,0,0,2,0,0,0,0,2,0,0,0,4,0,0],[0,0,0,0,0,0,0,0,0,0,0,2,0,0,0],[0,0,2,0,0,0,2,0,0,0,0,0,0,0,0],[2,0,0,0,2,0,0,0,0,0,2,0,0,2,0],[0,0,0,0,0,0,0,2,0,0,0,0,0,0,0],[0,2,0,0,2,0,0,0,0,0,2,0,0,0,2],[0,0,0,0,0,0,0,0,2,0,0,0,2,0,0],[0,0,0,2,0,0,0,0,0,0,0,0,0,0,0],[0,0,3,0,0,0,2,0,0,0,0,2,0,0,0],[2,0,0,0,0,0,0,0,2,0,0,0,0,0,2],[0,0,0,0,0,2,0,0,0,0,0,0,0,0,0],[0,2,0,0,0,0,0,0,0,2,0,0,0,2,0],[0,0,0,2,0,0,0,2,0,0,0,2,0,0,0]],"turn":100,"cpu":{"turn":"hot","level":1}}