{"name":"演習問題② 最後まで生き残ろう！","room_id":"04_practice","map_size_x":15,"map_size_y":17,"cool":{"status":false,"turn":false,"x":5,"y":10},"hot":{"status":false,"turn":false,"x":9,"y":6},"map_data":[[0,0,0,0,0,0,0,0,0,0,0,0,0,0,0],[0,1,2,0,0,0,1,2,0,1,1,0,0,1,0],[0,2,0,0,0,2,0,0,0,0,2,0,0,2,0],[0,0,2,0,0,0,0,0,0,0,0,0,2,0,0],[0,0,0,0,2,0,1,0,1,2,0,0,0,0,0],[0,2,0,0,0,2,0,0,0,0,0,2,0,0,0],[0,2,1,0,1,0,2,0,2,4,1,0,0,2,0],[0,0,0,0,0,2,1,2,1,2,0,0,2,1,0],[0,1,0,0,0,0,2,2,2,0,0,0,0,1,0],[0,1,2,0,0,2,1,2,1,2,0,0,0,0,0],[0,2,0,0,1,3,2,0,2,0,1,0,1,2,0],[0,0,0,2,0,0,0,0,0,2,0,0,0,2,0],[0,0,0,0,0,2,1,0,1,0,2,0,0,0,0],[0,0,2,0,0,0,0,0,0,0,0,0,2,0,0],[0,2,0,0,2,0,0,0,0,2,0,0,0,2,0],[0,1,0,0,1,1,0,2,1,0,0,0,2,1,0],[0,0,0,0,0,0,0,0,0,0,0,0,0,0,0]],"turn":100,"cpu":{"turn":"hot","level":1}}