{
    "name": "チュートリアル09",
    "stage_id": "tutorial_09",
    "info" : "周りを見てみよう1",
    "level" : 3,
    "mode" : "gethart",
    "get_hart_value" : 1,
    "block_limit" : 7,
    "load_workspace" : "03.xml",
    "map_size_x": 15,
    "map_size_y": 17,
    "map_data":[[0,0,0,0,0,0,0,0,0,0,0,0,0,0,0],
                [0,0,0,0,0,0,0,0,0,0,0,0,0,0,0],
                [0,0,0,0,0,0,0,0,0,0,0,0,0,0,0],
                [0,0,0,0,0,0,0,0,0,0,0,0,0,0,0],
                [0,0,0,0,0,0,0,0,0,0,0,0,0,0,0],
                [0,0,0,0,0,0,0,0,0,0,2,0,0,0,0],
                [0,0,0,0,0,0,0,0,0,0,0,0,0,0,0],
                [0,0,0,0,0,1,1,1,1,1,0,0,0,0,0],
                [0,0,0,0,0,0,0,0,0,0,0,0,0,0,0],
                [0,0,0,0,0,3,0,0,0,0,0,0,0,0,0],
                [0,0,0,0,0,0,0,0,0,0,0,0,0,0,0],
                [0,0,0,0,0,0,0,0,0,0,0,0,0,0,0],
                [0,0,0,0,0,0,0,0,0,0,0,0,0,0,0],
                [0,0,0,0,0,0,0,0,0,0,0,0,0,0,0],
                [0,0,0,0,0,0,0,0,0,0,0,0,0,0,0],
                [0,0,0,0,0,0,0,0,0,0,0,0,0,0,0],
                [0,0,0,0,0,0,0,0,0,0,0,0,0,0,0]],
    "cool_x": 5,
    "cool_y": 9,
    "turn":100
}