{"name":"例題② 相手プレイヤーにPUTしてみよう","room_id":"02_practice","map_size_x":15,"map_size_y":17,"cool":{"status":false,"turn":false,"x":5,"y":10},"hot":{"status":false,"turn":false,"x":9,"y":6},"map_data":[[0,0,0,0,0,0,0,0,0,0,0,0,0,0,0],[0,0,0,0,0,0,0,0,0,0,0,0,0,0,0],[0,0,0,0,0,0,0,0,0,0,0,0,0,0,0],[0,0,0,0,0,0,0,0,0,0,0,0,0,0,0],[0,0,0,0,0,0,0,0,0,0,0,0,0,0,0],[0,0,0,0,0,0,0,0,1,1,1,0,0,0,0],[0,0,0,0,0,0,0,1,1,4,1,0,0,0,0],[0,0,0,0,1,1,1,0,0,0,1,0,0,0,0],[0,0,0,0,1,0,0,2,0,0,1,0,0,0,0],[0,0,0,0,1,0,0,0,1,1,1,0,0,0,0],[0,0,0,0,1,3,1,1,0,0,0,0,0,0,0],[0,0,0,0,1,1,1,0,0,0,0,0,0,0,0],[0,0,0,0,0,0,0,0,0,0,0,0,0,0,0],[0,0,0,0,0,0,0,0,0,0,0,0,0,0,0],[0,0,0,0,0,0,0,0,0,0,0,0,0,0,0],[0,0,0,0,0,0,0,0,0,0,0,0,0,0,0],[0,0,0,0,0,0,0,0,0,0,0,0,0,0,0]],"turn":100,"cpu":{"turn":"cool","level":1}}