{
    "name": "チュートリアル14",
    "stage_id": "tutorial_14",
    "info" : "相手の番を待ってみよう2",
    "level" : 5,
    "mode" : "gethart",
    "get_hart_value" : 2,
    "block_limit" : 15,
    "load_workspace" : "04.xml",
    "map_size_x": 15,
    "map_size_y": 17,
    "map_data":[[0,0,0,0,0,0,0,0,0,0,0,0,0,0,0],
                [0,0,0,0,0,0,0,0,0,0,0,0,0,0,0],
                [0,0,0,0,0,0,0,0,0,0,0,0,0,0,0],
                [0,0,0,0,0,0,0,0,0,0,0,0,0,0,0],
                [0,0,0,0,0,0,0,0,0,0,0,0,0,0,0],
                [0,0,0,0,0,0,0,0,0,0,0,0,0,0,0],
                [0,0,0,0,0,0,0,0,0,0,0,0,0,0,0],
                [0,0,0,0,0,0,0,0,0,0,0,0,0,0,0],
                [0,0,0,0,3,1,2,1,2,1,4,0,0,0,0],
                [0,0,0,0,0,0,0,0,0,0,0,0,0,0,0],
                [0,0,0,0,0,0,0,0,0,0,0,0,0,0,0],
                [0,0,0,0,0,0,0,0,0,0,0,0,0,0,0],
                [0,0,0,0,0,0,0,0,0,0,0,0,0,0,0],
                [0,0,0,0,0,0,0,0,0,0,0,0,0,0,0],
                [0,0,0,0,0,0,0,0,0,0,0,0,0,0,0],
                [0,0,0,0,0,0,0,0,0,0,0,0,0,0,0],
                [0,0,0,0,0,0,0,0,0,0,0,0,0,0,0]],
    "cool_x": 4,
    "cool_y": 8,
    "hot_x": 10,
    "hot_y": 8,
    "cpu": {
        "level":1
    },
    "turn":100
}