{
    "name": "チュートリアル03",
    "stage_id": "tutorial_03",
    "info" : "操作に慣れよう3",
    "level" : 1,
    "mode" : "gethart",
    "get_hart_value" : 1,
    "block_limit" : 8,
    "load_workspace" : "01.xml",
    "map_size_x": 15,
    "map_size_y": 17,
    "map_data":[[0,0,0,0,0,0,0,0,0,0,0,0,0,0,0],
                [0,0,0,0,0,0,0,0,0,0,0,0,0,0,0],
                [0,0,0,0,0,0,0,0,0,0,0,0,0,0,0],
                [0,0,0,0,0,0,0,0,0,0,0,0,0,0,0],
                [0,0,0,0,0,0,0,0,0,0,0,0,0,0,0],
                [0,0,0,0,0,0,0,0,0,0,0,0,0,0,0],
                [0,0,0,0,0,0,0,0,0,0,0,0,0,0,0],
                [0,0,0,0,0,0,0,0,0,2,0,0,0,0,0],
                [0,0,0,0,0,0,0,0,0,0,0,0,0,0,0],
                [0,0,0,0,0,3,0,0,0,0,0,0,0,0,0],
                [0,0,0,0,0,0,0,0,0,0,0,0,0,0,0],
                [0,0,0,0,0,0,0,0,0,0,0,0,0,0,0],
                [0,0,0,0,0,0,0,0,0,0,0,0,0,0,0],
                [0,0,0,0,0,0,0,0,0,0,0,0,0,0,0],
                [0,0,0,0,0,0,0,0,0,0,0,0,0,0,0],
                [0,0,0,0,0,0,0,0,0,0,0,0,0,0,0],
                [0,0,0,0,0,0,0,0,0,0,0,0,0,0,0]],
    "cool_x": 5,
    "cool_y": 9,
    "turn":100
}
