{
    "name": "チュートリアル07",
    "stage_id": "tutorial_07",
    "info" : "繰り返しを覚えよう3",
    "level" : 2,
    "mode" : "gethart",
    "get_hart_value" : 7,
    "block_limit" : 6,
    "load_workspace" : "02.xml",
    "map_size_x": 15,
    "map_size_y": 17,
    "map_data":[[0,0,0,0,0,0,0,0,0,0,0,0,0,0,0],
                [0,0,0,0,0,0,0,0,0,0,0,0,0,0,0],
                [0,0,0,0,0,0,0,0,0,0,0,0,0,0,0],
                [0,0,0,0,0,0,0,0,0,0,0,0,0,0,0],
                [0,0,0,0,0,0,0,0,0,0,0,0,0,0,0],
                [0,0,0,0,0,0,0,0,0,0,0,0,0,0,0],
                [0,0,0,0,0,0,0,0,0,0,0,0,0,0,0],
                [0,0,0,0,0,0,0,0,0,0,2,0,0,0,0],
                [0,0,0,0,3,2,2,2,2,2,2,0,0,0,0],
                [0,0,0,0,0,0,0,0,0,0,0,0,0,0,0],
                [0,0,0,0,0,0,0,0,0,0,0,0,0,0,0],
                [0,0,0,0,0,0,0,0,0,0,0,0,0,0,0],
                [0,0,0,0,0,0,0,0,0,0,0,0,0,0,0],
                [0,0,0,0,0,0,0,0,0,0,0,0,0,0,0],
                [0,0,0,0,0,0,0,0,0,0,0,0,0,0,0],
                [0,0,0,0,0,0,0,0,0,0,0,0,0,0,0],
                [0,0,0,0,0,0,0,0,0,0,0,0,0,0,0]],
    "cool_x": 4,
    "cool_y": 8,
    "turn":100
}